{
  "name": "huaijiu",
  "cover": "cover.png",
  "music": "huaijiu.mp3",
  "clipList": [
   {
      "index": 0,
      "duration": 1300,
      "oriDuration": 1300,
      "4koriDuration": 1300,
      "filterList": [
        {
          "filterIsFile": true,
          "filterParam": "filter.png",
          "filterName": "movit.filter.sdk.lut"
        },
        {
          "filterIsFile": false,
          "filterParam": "", 
          "filterName": "movit.filter.soft_focus"
        }
      ],
      "speed": [
        {
          "start": 0,
          "end": 1300,
          "speed0": 1,
          "speed1": 1
        }
      ],
      "4kspeed": [
        {
          "start": 0,
          "end": 1300,
          "speed0": 1,
          "speed1": 1
        }
      ]
    },
    {
      "index": 1,
      "duration": 1966,
      "oriDuration": 1966,
      "4koriDuration": 1966,
      "filterList": [
        {
          "filterIsFile": true,
          "filterParam": "filter.png",
          "filterName": "movit.filter.sdk.lut"
        },
        {
          "filterIsFile": false,
          "filterParam": "", 
          "filterName": "movit.filter.soft_focus"
        }
      ],
      "speed": [
        {
          "start": 0,
          "end": 1966,
          "speed0": 1,
          "speed1": 1
        }
      ],
      "4kspeed": [
        {
          "start": 0,
          "end": 1966,
          "speed0": 1,
          "speed1": 1
        }
      ]
    },
     {
      "index": 2,
      "duration": 1333,
      "oriDuration": 1333,
      "4koriDuration": 1333,
      "filterList": [
        {
          "filterIsFile": true,
          "filterParam": "filter.png",
          "filterName": "movit.filter.sdk.lut"
        },
        {
          "filterIsFile": false,
          "filterParam": "", 
          "filterName": "movit.filter.soft_focus"
        }
      ],
      "speed": [
        {
          "start": 0,
          "end": 1333,
          "speed0": 1,
          "speed1": 1
        }
      ],
      "4kspeed": [
        {
          "start": 0,
          "end": 1333,
          "speed0": 1,
          "speed1": 1
        }
      ]
    },
    {
      "index": 3,
      "duration": 800,
      "oriDuration": 800,
      "4koriDuration": 800,
      "filterList": [
        {
          "filterIsFile": true,
          "filterParam": "filter.png",
          "filterName": "movit.filter.sdk.lut"
        },
        {
          "filterIsFile": false,
          "filterParam": "", 
          "filterName": "movit.filter.soft_focus"
        }
      ],
      "speed": [
        {
          "start": 0,
          "end": 800,
          "speed0": 1,
          "speed1": 1
        }
      ],
      "4kspeed": [
        {
          "start": 0,
          "end": 800,
          "speed0": 1,
          "speed1": 1
        }
      ]
    },
     {
      "index": 4,
      "duration": 2133,
      "oriDuration": 2133,
      "4koriDuration": 2133,
      "filterList": [
        {
          "filterIsFile": true,
          "filterParam": "filter.png",
          "filterName": "movit.filter.sdk.lut"
        },
        {
          "filterIsFile": false,
          "filterParam": "", 
          "filterName": "movit.filter.soft_focus"
        }
      ],
      "speed": [
        {
          "start": 0,
          "end": 2133,
          "speed0": 1,
          "speed1": 1
        }
      ],
      "4kspeed": [
        {
          "start": 0,
          "end": 2133,
          "speed0": 1,
          "speed1": 1
        }
      ]
    },
    {
      "index": 5,
      "duration": 1433,
      "oriDuration": 1433,
      "4koriDuration": 1433,
      "filterList": [
        {
          "filterIsFile": true,
          "filterParam": "filter.png",
          "filterName": "movit.filter.sdk.lut"
        },
        {
          "filterIsFile": false,
          "filterParam": "", 
          "filterName": "movit.filter.soft_focus"
        }
      ],
      "speed": [
        {
          "start": 0,
          "end": 1433,
          "speed0": 1,
          "speed1": 1
        }
      ],
      "4kspeed": [
        {
          "start": 0,
          "end": 1433,
          "speed0": 1,
          "speed1": 1
        }
      ]
    },
    {
      "index": 6,
      "duration": 2100,
      "oriDuration": 2100,
      "4koriDuration": 2100,
      "filterList": [
        {
          "filterIsFile": true,
          "filterParam": "filter.png",
          "filterName": "movit.filter.sdk.lut"
        },
        {
          "filterIsFile": false,
          "filterParam": "", 
          "filterName": "movit.filter.soft_focus"
        }
      ],
      "speed": [
        {
          "start": 0,
          "end": 2100,
          "speed0": 1,
          "speed1": 1
        }
      ],
      "4kspeed": [
        {
          "start": 0,
          "end": 2100,
          "speed0": 1,
          "speed1": 1
        }
      ]
    },
    {
      "index": 7,
      "duration": 2066,
      "oriDuration": 2066,
      "4koriDuration": 2066,
      "filterList": [
        {
          "filterIsFile": true,
          "filterParam": "filter.png",
          "filterName": "movit.filter.sdk.lut"
        },
        {
          "filterIsFile": false,
          "filterParam": "", 
          "filterName": "movit.filter.soft_focus"
        }
      ],
      "speed": [
        {
          "start": 0,
          "end": 2066,
          "speed0": 1,
          "speed1": 1
        }
      ],
      "4kspeed": [
        {
          "start": 0,
          "end": 2066,
          "speed0": 1,
          "speed1": 1
        }
      ]
    },
    {
      "index": 8,
      "duration": 3466,
      "oriDuration": 3466,
      "4koriDuration": 3466,
      "filterList": [
        {
          "filterIsFile": true,
          "filterParam": "filter.png",
          "filterName": "movit.filter.sdk.lut"
        },
        {
          "filterIsFile": false,
          "filterParam": "", 
          "filterName": "movit.filter.soft_focus"
        }
      ],
      "speed": [
        {
          "start": 0,
          "end": 3466,
          "speed0": 1,
          "speed1": 1
        }
      ],
      "4kspeed": [
        {
          "start": 0,
          "end": 3466,
          "speed0": 1,
          "speed1": 1
        }
      ]
    }
  ]
}